X,Y,id,osm_id,z_order,natural,name,name:en,type,ele,water,wetland,wood
-105.261913278225123,40.007380028871694,3524742,2703448388,0,tree,,,,,,,
-105.272288314154267,40.007464183179565,3524760,2703452128,0,tree,,,,,,,
-105.272029229527178,40.007545487640328,3524763,2703452137,0,tree,,,,,,,
-105.271845414390583,40.007500225363202,3524764,2703452118,0,tree,,,cypress,,,,
-105.273181070661281,40.007767859531526,3524766,2703452154,0,tree,,,,,,,
-105.271931580355201,40.007544397992916,3524773,2703452140,0,tree,,,,,,,
-105.260258941995772,40.006243275163314,8647099,4753715833,0,tree,,,,,,,
-105.271534445782848,40.007196129916082,3524751,2703452110,0,tree,,,,,,,
-105.272281943907856,40.007547583116121,3524758,2703452132,0,tree,,,,,,,
-105.271517765795522,40.007463093532152,3524761,2703452117,0,tree,,,,,,,
-105.272159149026365,40.007383968366184,3524762,2703452130,0,tree,,,,,,,
-105.27214230140099,40.007546577287741,3524767,2703452135,0,tree,,,,,,,
-105.271997126838016,40.007746485678439,3524768,2703452143,0,tree,,,,,,,
-105.272265263920545,40.007102755514723,3524776,2703452168,0,tree,,,,,,,
-105.269218861212124,40.009249444736497,8646773,4753692392,0,tree,,,,,,,
-105.259848731654458,40.007629474310136,8647109,4753716045,0,tree,,,,,,,
-105.262619453567495,40.006289878544948,8647158,4753725482,0,tree,,,,,,,
-105.263221777129544,40.008776034845255,10363203,5022518763,0,tree,,,,,,,
-105.26294014518291,40.008465736789759,10363218,5022518771,0,tree,,,,,,,
-105.272910167550705,40.00797388671154,10838380,5251028587,0,tree,,,,,,,
-105.269370908935699,40.004924969432182,8646409,4753670371,0,tree,,,,,,,
-105.271170503547054,40.00563826939225,8646417,4753672622,0,tree,,,,,,,
-105.270967326214119,40.005848487523821,8646418,4753672624,0,tree,,,,,,,
-105.27034153332319,40.005099061561083,8646427,4753672638,0,tree,,,,,,,
-105.266461969439334,40.003428464439565,8646492,4753683121,0,tree,,,,,,,
-105.266965973277152,40.003377586287314,8646499,4753683156,0,tree,,,,,,,
-105.262778374451656,40.00407755902134,8646566,4753683289,0,tree,,,,,,,
-105.263124966147885,40.004597572294216,8646599,4753688925,0,tree,,,,,,,
-105.266314615581535,40.006296248791358,8646624,4753689190,0,tree,,,,,,,
-105.274249008944622,40.007703486515169,8646663,4753689855,0,tree,,,,,,,
-105.270284620200641,40.008280245272516,8646704,4753691031,0,tree,,,,,,,
-105.271195313980442,40.008147895021409,8646729,4753691049,0,tree,,,,,,,
-105.270596678455789,40.007921332178654,8646733,4753691057,0,tree,,,,,,,
-105.270617633213718,40.009342819137828,8646738,4753692356,0,tree,,,,,,,
-105.270337342371604,40.009214492200243,8646749,4753692360,0,tree,,,,,,,
-105.267732246865279,40.010154690279222,8646821,4753698142,0,tree,,,,,,,
-105.267512808640191,40.010454175679627,8646836,4753698155,0,tree,,,,,,,
-105.263610278341631,40.007876488996658,8646945,4753706453,0,tree,,,,,,,
-105.263017426330165,40.008016047684492,8646989,4753710175,0,tree,,,,,,,
-105.260831174525421,40.006773598177091,8647095,4753715831,0,tree,,,,,,,
-105.259589144113178,40.007375167367854,8647116,4753716050,0,tree,,,,,,,
-105.259333412247344,40.006791032535688,8647127,4753716066,0,tree,,,,,,,
-105.26463873786102,40.006619119701611,8647265,4753730818,0,tree,,,,,,,
-105.265859059144063,40.007209540961156,8647307,4753732907,0,tree,,,,,,,
-105.270159059291103,40.009546918480112,7666936,4365776310,0,tree,,,,,,,
-105.265469719741645,40.003403318730051,8646508,4753683188,0,tree,,,,,,,
-105.264737979594599,40.003741947618266,8646510,4753683196,0,tree,,,,,,,
-105.26475315083934,40.003690566551796,8646512,4753683197,0,tree,,,,,,,
-105.265470725570026,40.003188490551707,8646515,4753683187,0,tree,,,,,,,
-105.264745020393264,40.003566095289671,8646517,4753683199,0,tree,,,,,,,
-105.264960519123861,40.003208690938351,8646521,4753683202,0,tree,,,,,,,
-105.264375043187187,40.003373730611855,8646522,4753683240,0,tree,,,,,,,
-105.26419013840318,40.003430559915358,8646527,4753683241,0,tree,,,,,,,
-105.264495072040631,40.003135433104632,8646528,4753683243,0,tree,,,,,,,
-105.263130079108819,40.003448497188145,8646532,4753683264,0,tree,,,,,,,
-105.263068053025336,40.003408766967112,8646533,4753683265,0,tree,,,,,,,
-105.264703362334487,40.002938542199075,8646534,4753683247,0,tree,,,,,,,
-105.264547878030626,40.003028060924976,8646536,4753683248,0,tree,,,,,,,
-105.263580271128276,40.003808919024607,8646541,4753683270,0,tree,,,,,,,
-105.263462337750624,40.003848649245668,8646543,4753683271,0,tree,,,,,,,
-105.263433923098859,40.003903131616283,8646545,4753683272,0,tree,,,,,,,
-105.263292604211358,40.003819061127473,8646548,4753683276,0,tree,,,,,,,
-105.263126977804646,40.004041768294769,8646551,4753683282,0,tree,,,,,,,
-105.262936960059704,40.003954596501785,8646559,4753683294,0,tree,,,,,,,
-105.263052881780595,40.003914866280724,8646560,4753683295,0,tree,,,,,,,
-105.262706206265335,40.00407755902134,8646569,4753683291,0,tree,,,,,,,
-105.262834281745825,40.004147547912822,8646571,4753683288,0,tree,,,,,,,
-105.26289932531445,40.004132879582272,8646572,4753683287,0,tree,,,,,,,
-105.262718443843966,40.004413086605354,8646578,4753683304,0,tree,,,,,,,
-105.262341342020193,40.004473017213058,8646579,4753683312,0,tree,,,,,,,
-105.262345449152747,40.004023831021982,8646591,4753683316,0,tree,,,,,,,
-105.26289932531445,40.004634117392044,8646596,4753688927,0,tree,,,,,,,
-105.265238211575991,40.008346881402758,8646912,4753706117,0,tree,,,,,,,
-105.265593939546676,40.008193660212754,8646914,4753706113,0,tree,,,,,,,
-105.265424038369346,40.008345456479219,8646920,4753706118,0,tree,,,,,,,
-105.265473659236136,40.008806377334736,8646921,4753706427,0,tree,,,,,,,
-105.26547533561677,40.008704621030205,8646923,4753706429,0,tree,,,,,,,
-105.265333849091206,40.007845392135891,8646929,4753706435,0,tree,,,,,,,
-105.265484220434132,40.008918862475326,8646931,4753706426,0,tree,,,,,,,
-105.265340973708902,40.008075726835102,8646933,4753706436,0,tree,,,,,,,
-105.263615558940629,40.007816893665108,8646946,4753706454,0,tree,,,,,,,
-105.263857963580406,40.007898198125872,8646947,4753706455,0,tree,,,,,,,
-105.263879253614476,40.008349563611773,8646948,4753706456,0,tree,,,,,,,
-105.263804822314285,40.007845392135891,8646952,4753706447,0,tree,,,,,,,
-105.263903980228832,40.007991656346263,8646955,4753706449,0,tree,,,,,,,
-105.264309245247276,40.008844263537071,8646959,4753706465,0,tree,,,,,,,
-105.264886171642701,40.008350820897249,8646962,4753706462,0,tree,,,,,,,
-105.26430212062958,40.008604373468245,8646963,4753706463,0,tree,,,,,,,
-105.263912865046194,40.009108544944127,8646970,4753706471,0,tree,,,,,,,
-105.26276437667336,40.008105566410393,8646975,4753710164,0,tree,,,,,,,
-105.262470674786158,40.007873722968611,8646976,4753710168,0,tree,,,,,,,
-105.262091980400783,40.007773475406651,8646980,4753710166,0,tree,,,,,,,
-105.262936038050356,40.008014790399017,8646985,4753710174,0,tree,,,,,,,
-105.261470713737566,40.007514558417625,8646992,4753710186,0,tree,,,,,,,
-105.261228309097788,40.00741699306468,8646996,4753710190,0,tree,,,,,,,
-105.261235433715484,40.007487484870381,8646997,4753710191,0,tree,,,,,,,
-105.262362632054263,40.007229992804895,8647004,4753710181,0,tree,,,,,,,
-105.261530057612035,40.006445195210745,8647008,4753710201,0,tree,,,,,,,
-105.261845971542641,40.007125554291349,8647009,4753710183,0,tree,,,,,,,
-105.261522178623053,40.006476962623793,8647014,4753710202,0,tree,,,,,,,
-105.261471635746915,40.006599673686253,8647015,4753710205,0,tree,,,,,,,
-105.261470713737566,40.007055733037902,8647021,4753710210,0,tree,,,,,,,
-105.261568111452434,40.007067970616532,8647022,4753710213,0,tree,,,,,,,
-105.261566351252768,40.007379023043313,8647025,4753710217,0,tree,,,,,,,
-105.261616726490843,40.00765411710546,8647033,4753710219,0,tree,,,,,,,
-105.261567273262116,40.007786383537535,8647057,4753710721,0,tree,,,,,,,
-105.260105720805754,40.007297886220584,8647072,4753715309,0,tree,,,,,,,
-105.260351729663896,40.007232088280688,8647074,4753715311,0,tree,,,,,,,
-105.260583154010519,40.006457348970343,8647080,4753715319,0,tree,,,,,,,
-105.260981378230298,40.006456762237121,8647087,4753715823,0,tree,,,,,,,
-105.261223279955885,40.006463886854817,8647090,4753715824,0,tree,,,,,,,
-105.261176257479079,40.006614844930994,8647094,4753715826,0,tree,,,,,,,
-105.261226381260059,40.006842581240221,8647097,4753715830,0,tree,,,,,,,
-105.261229482564232,40.006770664510981,8647098,4753715829,0,tree,,,,,,,
-105.260213428261537,40.006462797207405,8647101,4753715835,0,tree,,,,,,,
-105.260265815156373,40.006032051203334,8647102,4753715834,0,tree,,,,,,,
-105.259760973128223,40.007295455468665,8647117,4753716052,0,tree,,,,,,,
-105.259119254621268,40.006979876814199,8647121,4753716056,0,tree,,,,,,,
-105.259317235174223,40.006835875717684,8647123,4753716065,0,tree,,,,,,,
-105.259214305403248,40.007921835092844,8647135,4753724701,0,tree,,,,,,,
-105.26200656880745,40.006716517416493,8647149,4753725467,0,tree,,,,,,,
-105.262223073366414,40.006838725564762,8647150,4753725471,0,tree,,,,,,,
-105.26218133148862,40.006721965653554,8647152,4753725473,0,tree,,,,,,,
-105.262007574635831,40.006690868792759,8647153,4753725469,0,tree,,,,,,,
-105.262418120253258,40.006349054781339,8647154,4753725475,0,tree,,,,,,,
-105.262033977630821,40.006779549328343,8647155,4753725470,0,tree,,,,,,,
-105.262549213218904,40.006347462219736,8647156,4753725474,0,tree,,,,,,,
-105.26220773448361,40.006753062514321,8647157,4753725472,0,tree,,,,,,,
-105.262711905959492,40.006352156085541,8647161,4753725478,0,tree,,,,,,,
-105.26292941634685,40.006358358693888,8647162,4753725480,0,tree,,,,,,,
-105.262364308434897,40.006290632916233,8647166,4753725483,0,tree,,,,,,,
-105.262941653925481,40.006130287108533,8647172,4753725496,0,tree,,,,,,,
-105.262907036665382,40.005685794783233,8647173,4753725492,0,tree,,,,,,,
-105.26297316988142,40.006174627376311,8647174,4753725497,0,tree,,,,,,,
-105.26320786317028,40.006263475549957,8647181,4753725502,0,tree,,,,,,,
-105.263353205371303,40.006356849951317,8647182,4753725505,0,tree,,,,,,,
-105.263151955876111,40.00635995125549,8647186,4753725504,0,tree,,,,,,,
-105.263085906479105,40.006286777240774,8647187,4753725501,0,tree,,,,,,,
-105.263854275543011,40.006067255196655,8647190,4753725511,0,tree,,,,,,,
-105.263802475381397,40.006271941272161,8647192,4753725508,0,tree,,,,,,,
-105.263938681307977,40.005962146130855,8647195,4753725512,0,tree,,,,,,,
-105.264301533896358,40.005702139494417,8647202,4753725520,0,tree,,,,,,,
-105.263831057671226,40.006384426412751,8647206,4753728642,0,tree,,,,,,,
-105.264359201390192,40.00621905146312,8647208,4753728638,0,tree,,,,,,,
-105.264127441767442,40.006395239067842,8647212,4753728637,0,tree,,,,,,,
-105.264012358236869,40.006910390836879,8647220,4753728653,0,tree,,,,,,,
-105.264250404286997,40.006552567390401,8647225,4753728651,0,tree,,,,,,,
-105.264070612463925,40.007381034700074,8647226,4753728679,0,tree,,,,,,,
-105.264220313254597,40.006613587645518,8647229,4753728652,0,tree,,,,,,,
-105.264275130901353,40.007382543442645,8647231,4753728682,0,tree,,,,,,,
-105.264136326584804,40.007384052185216,8647232,4753728680,0,tree,,,,,,,
-105.264336151156456,40.00737692756752,8647233,4753728683,0,tree,,,,,,,
-105.264801514420654,40.007386147661009,8647234,4753728694,0,tree,,,,,,,
-105.264210757884982,40.007384638918438,8647236,4753728681,0,tree,,,,,,,
-105.264724400911462,40.007382543442645,8647237,4753728693,0,tree,,,,,,,
-105.264075306329701,40.007474492920466,8647247,4753728709,0,tree,,,,,,,
-105.264173877511027,40.007697954459076,8647251,4753728705,0,tree,,,,,,,
-105.264074635777447,40.007520258111782,8647252,4753728708,0,tree,,,,,,,
-105.264749462801944,40.007031760794831,8647255,4753730812,0,tree,,,,,,,
-105.26463873786102,40.006803689209477,8647258,4753730815,0,tree,,,,,,,
-105.264643767002923,40.006707884056198,8647259,4753730816,0,tree,,,,,,,
-105.265076776120878,40.007027821300341,8647261,4753730810,0,tree,,,,,,,
-105.26485926573352,40.006586430279214,8647263,4753730817,0,tree,,,,,,,
-105.265265871856471,40.006885328946396,8647268,4753730820,0,tree,,,,,,,
-105.264655920762536,40.006377720890214,8647270,4753731725,0,tree,,,,,,,
-105.264917100865418,40.006155181360953,8647274,4753731728,0,tree,,,,,,,
-105.264916178856069,40.006256350932262,8647276,4753731727,0,tree,,,,,,,
-105.265413141895223,40.006047641543233,8647288,4753731739,0,tree,,,,,,,
-105.265633753586755,40.006481321213442,8647289,4753731737,0,tree,,,,,,,
-105.265637273986087,40.006637224612462,8647290,4753732892,0,tree,,,,,,,
-105.265664179895268,40.006624735576736,8647292,4753732894,0,tree,,,,,,,
-105.265517077494579,40.00658626264115,8647299,4753732896,0,tree,,,,,,,
-105.265833410520344,40.0066801399567,8647300,4753732899,0,tree,,,,,,,
-105.265549766916948,40.006700759438502,8647301,4753732890,0,tree,,,,,,,
-105.265798374165087,40.00704148380251,8647302,4753732903,0,tree,,,,,,,
-105.26578554985322,40.006715930683271,8647303,4753732900,0,tree,,,,,,,
-105.265685134653211,40.007060259265614,8647306,4753732904,0,tree,,,,,,,
-105.265854449097304,40.007251618115077,8647308,4753732908,0,tree,,,,,,,
-105.268072971229273,40.005644052905438,8646384,4753670339,0,tree,,,,,,,
-105.268437416379257,40.005763327387598,8646386,4753670341,0,tree,,,,,,,
-105.26856666532619,40.005431236383856,8646391,4753670351,0,tree,,,,,,,
-105.269189524551024,40.005658972693084,8646392,4753670347,0,tree,,,,,,,
-105.269669137050613,40.00534582479051,8646395,4753670359,0,tree,,,,,,,
-105.268122508277031,40.005459651035608,8646396,4753670349,0,tree,,,,,,,
-105.269667376850947,40.005181874764446,8646400,4753670363,0,tree,,,,,,,
-105.269683218647941,40.004821285289921,8646410,4753670370,0,tree,,,,,,,
-105.270278501411326,40.005584625211924,8646415,4753672629,0,tree,,,,,,,
-105.270492156123211,40.005836752859381,8646421,4753672632,0,tree,,,,,,,
-105.271057264035178,40.005510361549824,8646422,4753672637,0,tree,,,,,,,
-105.27063221772525,40.005843961296108,8646428,4753672633,0,tree,,,,,,,
-105.270489809190323,40.005090931115006,8646429,4753672639,0,tree,,,,,,,
-105.27010340345403,40.004914743510312,8646431,4753672644,0,tree,,,,,,,
-105.270153611054042,40.004942571428842,8646433,4753672643,0,tree,,,,,,,
-105.270427950744903,40.005082968306994,8646435,4753672640,0,tree,,,,,,,
-105.269422709097313,40.004600841236453,8646440,4753672649,0,tree,,,,,,,
-105.269799810921086,40.004743920323619,8646441,4753672648,0,tree,,,,,,,
-105.269421535630869,40.004763617796073,8646444,4753672651,0,tree,,,,,,,
-105.268745618958945,40.004320969489498,8646446,4753672661,0,tree,,,,,,,
-105.269316510384101,40.004417529014034,8646452,4753672663,0,tree,,,,,,,
-105.26839651269178,40.004075966459737,8646457,4753672668,0,tree,,,,,,,
-105.267861831088339,40.003825599011947,8646459,4753672674,0,tree,,,,,,,
-105.267665610735037,40.004081247058735,8646468,4753672676,0,tree,,,,,,,
-105.267596711490953,40.003903383073379,8646485,4753681013,0,tree,,,,,,,
-105.266590464014982,40.00373432008638,8646489,4753683123,0,tree,,,,,,,
-105.266472446818298,40.003763824385544,8646491,4753683124,0,tree,,,,,,,
-105.26702137765713,40.003356882986481,8646497,4753683155,0,tree,,,,,,,
-105.266539921138843,40.003251857739713,8646503,4753683158,0,tree,,,,,,,
-105.268476811324177,40.00620144946646,8646620,4753689195,0,tree,,,,,,,
-105.266276058826932,40.006322148872158,8646622,4753689191,0,tree,,,,,,,
-105.268339012836009,40.006763036979095,8646627,4753689205,0,tree,,,,,,,
-105.269268314440851,40.006696819944011,8646631,4753689209,0,tree,,,,,,,
-105.269038315017767,40.007217336131106,8646634,4753689210,0,tree,,,,,,,
-105.268730112438078,40.00627923352792,8646636,4753689199,0,tree,,,,,,,
-105.269650110130399,40.007521347759194,8646640,4753689212,0,tree,,,,,,,
-105.268973019992046,40.008035577518882,8646643,4753689219,0,tree,,,,,,,
-105.269421367992805,40.007362175417938,8646644,4753689216,0,tree,,,,,,,
-105.274066618731567,40.008278652710914,8646649,4753689846,0,tree,,,,,,,
-105.274251607334605,40.007903730181965,8646655,4753689853,0,tree,,,,,,,
-105.274077347567626,40.007302747724424,8646665,4753689865,0,tree,,,,,,,
-105.27467548017809,40.007895432097826,8646670,4753689857,0,tree,,,,,,,
-105.273438981821926,40.00735052457253,8646671,4753689872,0,tree,,,,,,,
-105.273339069536107,40.007519587559528,8646676,4753689876,0,tree,,,,,,,
-105.273331022909048,40.007755286676769,8646678,4753689879,0,tree,,,,,,,
-105.274338862946635,40.00759452177391,8646683,4753689864,0,tree,,,,,,,
-105.273330352356794,40.007249355001221,8646684,4753689875,0,tree,,,,,,,
-105.273445016792209,40.007757885066752,8646687,4753689881,0,tree,,,,,,,
-105.273121726786812,40.007924852577986,8646690,4753689887,0,tree,,,,,,,
-105.273641404783575,40.007769619731192,8646691,4753689883,0,tree,,,,,,,
-105.272945455363072,40.007799626944575,8646694,4753689889,0,tree,,,,,,,
-105.269668717955454,40.00827555140674,8646698,4753691025,0,tree,,,,,,,
-105.269944147293728,40.008368925808099,8646701,4753691028,0,tree,,,,,,,
-105.270124022935832,40.008279490901231,8646703,4753691030,0,tree,,,,,,,
-105.270473632117202,40.008271695731281,8646710,4753691035,0,tree,,,,,,,
-105.270498023455431,40.008349563611773,8646713,4753691036,0,tree,,,,,,,
-105.270482852210691,40.008391556946663,8646715,4753691037,0,tree,,,,,,,
-105.270794826646807,40.008056867552966,8646716,4753691042,0,tree,,,,,,,
-105.270859954034464,40.008028788177313,8646719,4753691040,0,tree,,,,,,,
-105.270947377284571,40.007986794842424,8646722,4753691039,0,tree,,,,,,,
-105.27114653130397,40.008016382960619,8646727,4753691051,0,tree,,,,,,,
-105.270709415053474,40.007964918075146,8646728,4753691054,0,tree,,,,,,,
-105.271028681745349,40.007944717688503,8646730,4753691052,0,tree,,,,,,,
-105.271191206847888,40.008055274991364,8646731,4753691050,0,tree,,,,,,,
-105.270809075882212,40.007932228652777,8646732,4753691053,0,tree,,,,,,,
-105.270325272431037,40.007929127348604,8646736,4753691059,0,tree,,,,,,,
-105.270845537161009,40.009180545492399,8646740,4753692364,0,tree,,,,,,,
-105.270746379246475,40.009356230182902,8646745,4753692366,0,tree,,,,,,,
-105.271269326185461,40.009355224354522,8646752,4753692369,0,tree,,,,,,,
-105.271378039469624,40.009094379527767,8646754,4753692376,0,tree,,,,,,,
-105.271206378092629,40.00922069480859,8646755,4753692371,0,tree,,,,,,,
-105.270966236566707,40.009178533835637,8646758,4753692374,0,tree,,,,,,,
-105.271339147438894,40.009072754217584,8646760,4753692375,0,tree,,,,,,,
-105.270007430662687,40.009604837431027,8646766,4753692387,0,tree,,,,,,,
-105.27142891762189,40.009177528007257,8646769,4753692381,0,tree,,,,,,,
-105.269183908675899,40.009362432791249,8646774,4753692403,0,tree,,,,,,,
-105.269104867328963,40.009314153028981,8646775,4753692402,0,tree,,,,,,,
-105.2691115728515,40.009143665118444,8646777,4753692393,0,tree,,,,,,,
-105.268528108571601,40.009236033691394,8646790,4753692407,0,tree,,,,,,,
-105.267719422553412,40.008674194721692,8646794,4753692419,0,tree,,,,,,,
-105.267412309621136,40.008438998518642,8646799,4753693223,0,tree,,,,,,,
-105.267484729264552,40.008473867235836,8646811,4753693222,0,tree,,,,,,,
-105.268040030349809,40.008451236097272,8646812,4753693227,0,tree,,,,,,,
-105.267396048728983,40.010553165956082,8646828,4753698151,0,tree,,,,,,,
-105.267737611283309,40.010090987815119,8646829,4753698141,0,tree,,,,,,,
-105.267463355411465,40.010479991941395,8646831,4753698149,0,tree,,,,,,,
-105.26732522164717,40.010414864553724,8646833,4753698157,0,tree,,,,,,,
-105.268680826847415,40.009733080549609,8646908,4753706107,0,tree,,,,,,,
-105.268981653352313,40.009838860167633,8646909,4753706108,0,tree,,,,,,,
-105.266551907260379,40.010264493210798,8646910,4753706105,0,tree,,,,,,,
-105.268972768534951,40.009783288149606,8646915,4753706110,0,tree,,,,,,,
-105.268889620055475,40.009708689211351,8646917,4753706106,0,tree,,,,,,,
-105.266233730215916,40.007088925374489,8647398,4753747243,0,tree,,,,,,,
-105.26622660559822,40.007225969491373,8647399,4753747249,0,tree,,,,,,,
-105.266289637510084,40.007259497104059,8647400,4753747250,0,tree,,,,,,,
-105.266837562520536,40.007245499325762,8647406,4753747256,0,tree,,,,,,,
-105.267224722628114,40.007063276750756,8647412,4753747263,0,tree,,,,,,,
-105.267200331289885,40.007113149074655,8647413,4753747264,0,tree,,,,,,,
-105.266876119275125,40.007215827388535,8647414,4753747255,0,tree,,,,,,,
-105.267728810284979,40.007211971713076,8647418,4753747268,0,tree,,,,,,,
-105.267836350102684,40.007416741607585,8647426,4753747296,0,tree,,,,,,,
-105.267794775862953,40.007707426009659,8647439,4753747299,0,tree,,,,,,,
-105.269885557790545,40.006831265670911,8647444,4753747308,0,tree,,,,,,,
-105.269657570024236,40.007020277587486,8647447,4753747306,0,tree,,,,,,,
-105.270659375091526,40.007093116326075,8647448,4753747317,0,tree,,,,,,,
-105.270147073169568,40.006992449668957,8647449,4753747310,0,tree,,,,,,,
-105.270365673204324,40.006903182400151,8647451,4753747313,0,tree,,,,,,,
-105.271076542412473,40.007142737192851,8647455,4753747322,0,tree,,,,,,,
-105.272741104563707,40.00552922083196,7531218,4311827361,0,tree,,,,,,,
-105.261870530518934,40.00733535332779,3524743,2703448392,0,tree,,,,,,,
-105.271777437155848,40.007448173744507,3524748,2703452113,0,tree,,,,,,,
-105.272274400195002,40.007252540124426,3524754,2703452120,0,tree,,,,,,,
-105.272274400195002,40.007389668060341,3524755,2703452126,0,tree,,,,,,,
-105.271596974780522,40.00745563363833,3524756,2703452115,0,tree,,,,,,,
-105.272224779328212,40.007621343864059,3524769,2703452145,0,tree,,,,,,,
-105.272946545010484,40.007061097455932,3524772,2703452165,0,tree,,,,,,,
-105.264520469207241,40.003643124979845,8646526,4753683238,0,tree,,,,,,,
-105.26370021616269,40.00374504892244,8646544,4753683268,0,tree,,,,,,,
-105.263145250353574,40.003864239585567,8646554,4753683280,0,tree,,,,,,,
-105.267051049594357,40.006386018974354,8646614,4753689184,0,tree,,,,,,,
-105.269027837638802,40.008078492863149,8646651,4753689220,0,tree,,,,,,,
-105.270296857779272,40.008175136206745,8646705,4753691032,0,tree,,,,,,,
-105.268041371454316,40.008614599390114,8646807,4753693230,0,tree,,,,,,,
-105.261939765039159,40.007112059427243,8647003,4753710182,0,tree,,,,,,,
-105.261046924713114,40.00699747881086,8647068,4753715298,0,tree,,,,,,,
-105.26023312573399,40.007299897877346,8647071,4753715308,0,tree,,,,,,,
-105.263805325228475,40.006744345335022,8647228,4753728656,0,tree,,,,,,,
-105.264398512516067,40.007647579220986,8647249,4753728703,0,tree,,,,,,,
-105.270460975443413,40.006909217370435,8647454,4753747314,0,tree,,,,,,,
-105.273752381181581,40.008472023217138,10838379,5251028588,0,tree,,,,,,,
-105.269986727361854,40.009536776377274,7666935,4365776307,0,tree,,,,,,,
-105.272902120923661,40.005535423440307,7531220,4311827362,0,tree,,,,,,,
-105.270075910811613,40.00956343082936,7666937,4365776313,0,tree,,,,,,,
-105.270157047634342,40.009614225162608,7666938,4365776321,0,tree,,,,,,,
-105.270079263572896,40.009530573768927,7666939,4365776304,0,tree,,,,,,,
-105.267234110359666,40.005644052905438,8646380,4753670335,0,tree,,,,,,,
-105.26745187220412,40.005645394009946,8646381,4753670336,0,tree,,,,,,,
-105.267657145012834,40.005644052905438,8646382,4753670337,0,tree,,,,,,,
-105.26786233400253,40.005642627981899,8646383,4753670338,0,tree,,,,,,,
-105.268292325635329,40.005648076218961,8646385,4753670340,0,tree,,,,,,,
-105.268455102194963,40.005825688747194,8646387,4753670342,0,tree,,,,,,,
-105.266827168960603,40.005645394009946,8646389,4753670333,0,tree,,,,,,,
-105.26742521775202,40.005480019060315,8646390,4753670350,0,tree,,,,,,,
-105.269420529802488,40.005302490351113,8646402,4753670364,0,tree,,,,,,,
-105.268625003372279,40.005665762034653,8646404,4753670344,0,tree,,,,,,,
-105.26943821561818,40.005145245847558,8646405,4753670365,0,tree,,,,,,,
-105.269421535630869,40.004667980280885,8646442,4753672650,0,tree,,,,,,,
-105.269413405184778,40.004819944185414,8646443,4753672652,0,tree,,,,,,,
-105.26898492229455,40.004489948657465,8646445,4753672656,0,tree,,,,,,,
-105.26909933527287,40.0045552436832,8646447,4753672655,0,tree,,,,,,,
-105.269204444338669,40.004334380534573,8646448,4753672662,0,tree,,,,,,,
-105.269079553981385,40.004413924795671,8646449,4753672657,0,tree,,,,,,,
-105.268871682782674,40.004285178762927,8646450,4753672659,0,tree,,,,,,,
-105.269018869002409,40.004337984752937,8646451,4753672658,0,tree,,,,,,,
-105.269376021896633,40.004453319740605,8646454,4753672664,0,tree,,,,,,,
-105.268379078333169,40.004127850440369,8646456,4753672667,0,tree,,,,,,,
-105.268458454956232,40.004050820750194,8646458,4753672669,0,tree,,,,,,,
-105.268846034158969,40.004138579276429,8646460,4753672671,0,tree,,,,,,,
-105.26869306442606,40.004058029186922,8646461,4753672670,0,tree,,,,,,,
-105.268582171847072,40.004099184331523,8646462,4753672673,0,tree,,,,,,,
-105.268739751626725,40.004214519319191,8646463,4753672672,0,tree,,,,,,,
-105.268600863491145,40.004290543180957,8646464,4753672666,0,tree,,,,,,,
-105.268061404202896,40.003904221263696,8646465,4753672675,0,tree,,,,,,,
-105.267781280998832,40.004219967556253,8646466,4753672678,0,tree,,,,,,,
-105.26830313829042,40.004007989224988,8646467,4753672682,0,tree,,,,,,,
-105.268221414734484,40.003943532389599,8646469,4753672683,0,tree,,,,,,,
-105.268052100290376,40.004235138800993,8646472,4753672681,0,tree,,,,,,,
-105.268180511046992,40.003884523791243,8646474,4753672684,0,tree,,,,,,,
-105.267017773438766,40.003669025060645,8646477,4753681009,0,tree,,,,,,,
-105.267255819488895,40.003712862414261,8646479,4753681011,0,tree,,,,,,,
-105.267140233044131,40.003795172703406,8646480,4753681014,0,tree,,,,,,,
-105.267194044862507,40.003770026993891,8646482,4753681015,0,tree,,,,,,,
-105.267212652687547,40.003962391671735,8646483,4753681018,0,tree,,,,,,,
-105.266458449039987,40.003579590153805,8646484,4753681020,0,tree,,,,,,,
-105.266858936373623,40.00396507388075,8646487,4753681017,0,tree,,,,,,,
-105.26711450060138,40.003520916831576,8646494,4753683152,0,tree,,,,,,,
-105.267254729841483,40.003448329550082,8646495,4753683153,0,tree,,,,,,,
-105.266718874771598,40.003779917639633,8646496,4753683125,0,tree,,,,,,,
-105.266479152340835,40.003191088941691,8646500,4753683159,0,tree,,,,,,,
-105.266917442057775,40.003361576852257,8646501,4753683157,0,tree,,,,,,,
-105.266543860633334,40.003332072553064,8646502,4753683160,0,tree,,,,,,,
-105.265576421369047,40.003799531293055,8646504,4753683192,0,tree,,,,,,,
-105.265295962888857,40.003804225158831,8646506,4753683194,0,tree,,,,,,,
-105.265142406422726,40.003807326463004,8646507,4753683195,0,tree,,,,,,,
-105.265703407202125,40.003798022550484,8646513,4753683191,0,tree,,,,,,,
-105.266617034648036,40.003419495803172,8646514,4753683161,0,tree,,,,,,,
-105.264743008736502,40.003495184388839,8646519,4753683200,0,tree,,,,,,,
-105.264963536609002,40.003391667884642,8646520,4753683201,0,tree,,,,,,,
-105.264968649569937,40.00365946969103,8646524,4753683236,0,tree,,,,,,,
-105.26457931016752,40.003455454167778,8646525,4753683237,0,tree,,,,,,,
-105.264638318765861,40.002940050941646,8646529,4753683245,0,tree,,,,,,,
-105.264684000138161,40.003059157785742,8646530,4753683244,0,tree,,,,,,,
-105.264686179432985,40.003372138050253,8646531,4753683242,0,tree,,,,,,,
-105.264677965167877,40.002953378167689,8646535,4753683246,0,tree,,,,,,,
-105.266605383802627,40.00604403732487,8646610,4753689186,0,tree,,,,,,,
-105.268293080006615,40.006387695354988,8646611,4753689178,0,tree,,,,,,,
-105.267457655717308,40.00638291767018,8646612,4753689182,0,tree,,,,,,,
-105.266598343003963,40.006309659836433,8646613,4753689185,0,tree,,,,,,,
-105.267252215270531,40.006376798880865,8646615,4753689183,0,tree,,,,,,,
-105.266602953050707,40.005966253263409,8646616,4753689187,0,tree,,,,,,,
-105.266388124872364,40.005892827791627,8646617,4753689188,0,tree,,,,,,,
-105.266391645271696,40.006097681505167,8646618,4753689189,0,tree,,,,,,,
-105.26847790097159,40.006245286820075,8646619,4753689194,0,tree,,,,,,,
-105.266353172336139,40.006320388672492,8646623,4753689192,0,tree,,,,,,,
-105.268432471056386,40.006761276779429,8646625,4753689203,0,tree,,,,,,,
-105.268438254569574,40.006698663962709,8646626,4753689204,0,tree,,,,,,,
-105.268625003372279,40.006428599042465,8646632,4753689201,0,tree,,,,,,,
-105.268438254569574,40.006622640100943,8646633,4753689202,0,tree,,,,,,,
-105.268584267322865,40.006467993987371,8646635,4753689200,0,tree,,,,,,,
-105.268576053057757,40.006148643476479,8646637,4753689197,0,tree,,,,,,,
-105.268815356393361,40.00632759710922,8646638,4753689198,0,tree,,,,,,,
-105.268473374743877,40.006163898540251,8646639,4753689196,0,tree,,,,,,,
-105.268466333945213,40.007248684448967,8646641,4753689211,0,tree,,,,,,,
-105.269218106840839,40.007998026592674,8646642,4753689218,0,tree,,,,,,,
-105.26931743239345,40.007990818155946,8646646,4753689217,0,tree,,,,,,,
-105.268809908156285,40.008331458700923,8646708,4753691022,0,tree,,,,,,,
-105.267984206874672,40.008191732375025,8646711,4753691024,0,tree,,,,,,,
-105.268576304514852,40.008336990757016,8646712,4753691023,0,tree,,,,,,,
-105.269363616679939,40.0093028374597,8646778,4753692391,0,tree,,,,,,,
-105.268030642618257,40.008845772279642,8646785,4753692415,0,tree,,,,,,,
-105.268044053663331,40.008884748129418,8646786,4753692414,0,tree,,,,,,,
-105.268613939260092,40.009155986516106,8646787,4753692406,0,tree,,,,,,,
-105.268034665931779,40.008795397041581,8646788,4753692416,0,tree,,,,,,,
-105.268663643945914,40.009283391444342,8646789,4753692411,0,tree,,,,,,,
-105.268078838561493,40.009003938792517,8646792,4753692413,0,tree,,,,,,,
-105.267771725629217,40.008738819195145,8646793,4753692418,0,tree,,,,,,,
-105.268384610389262,40.009188843576538,8646795,4753692410,0,tree,,,,,,,
-105.267824028705022,40.008816938532732,8646796,4753692417,0,tree,,,,,,,
-105.26764574562452,40.008599176688278,8646797,4753692420,0,tree,,,,,,,
-105.267286329616439,40.008407063467558,8646798,4753693224,0,tree,,,,,,,
-105.267693941567771,40.008188295794724,8646804,4753693233,0,tree,,,,,,,
-105.268247817729474,40.008340343518284,8646805,4753693232,0,tree,,,,,,,
-105.267217933286545,40.008180081529616,8646809,4753693237,0,tree,,,,,,,
-105.268037348140794,40.008409158943351,8646810,4753693231,0,tree,,,,,,,
-105.267437874425823,40.008188295794724,8646813,4753693235,0,tree,,,,,,,
-105.267557232727015,40.00819248674631,8646814,4753693234,0,tree,,,,,,,
-105.266667326067079,40.008196761516928,8646815,4753696738,0,tree,,,,,,,
-105.266954909164966,40.008200198097228,8646818,4753696740,0,tree,,,,,,,
-105.2669531489653,40.008047060726255,8646820,4753696742,0,tree,,,,,,,
-105.267640213568427,40.010233228711968,8646823,4753698144,0,tree,,,,,,,
-105.267461511392767,40.010561296402159,8646837,4753698152,0,tree,,,,,,,
-105.265958468515691,40.008193660212754,8646905,4753706111,0,tree,,,,,,,
-105.265777922321334,40.008196342421769,8646907,4753706112,0,tree,,,,,,,
-105.265084319833733,40.008181422634124,8646911,4753706116,0,tree,,,,,,,
-105.265436443586054,40.008193660212754,8646913,4753706114,0,tree,,,,,,,
-105.265261261809727,40.0081895530802,8646916,4753706115,0,tree,,,,,,,
-105.265822262589126,40.008350820897249,8646918,4753706119,0,tree,,,,,,,
-105.265551443297582,40.008348138688234,8646919,4753706120,0,tree,,,,,,,
-105.265471815217438,40.008765641285322,8646922,4753706428,0,tree,,,,,,,
-105.264668409798261,40.008020154817046,8646924,4753706430,0,tree,,,,,,,
-105.264436650175512,40.008049994392366,8646926,4753706432,0,tree,,,,,,,
-105.264742757279407,40.008066255284518,8646927,4753706433,0,tree,,,,,,,
-105.264769327912461,40.008025519235076,8646928,4753706434,0,tree,,,,,,,
-105.265868279237552,40.008551483659232,8646930,4753706424,0,tree,,,,,,,
-105.265937262300667,40.008562380133355,8646932,4753706423,0,tree,,,,,,,
-105.265972633932051,40.008560955209816,8646934,4753706421,0,tree,,,,,,,
-105.265484220434132,40.008844263537071,8646935,4753706425,0,tree,,,,,,,
-105.265323204074178,40.008123168407053,8646936,4753706437,0,tree,,,,,,,
-105.265519675884562,40.007789736298804,8646937,4753706439,0,tree,,,,,,,
-105.26547533561677,40.008117720169992,8646938,4753706438,0,tree,,,,,,,
-105.264195921916368,40.007988974137248,8646939,4753706443,0,tree,,,,,,,
-105.264195921916368,40.008021579740586,8646941,4753706444,0,tree,,,,,,,
-105.266156616706709,40.00778562916625,8646942,4753706442,0,tree,,,,,,,
-105.265593939546676,40.007789736298804,8646943,4753706440,0,tree,,,,,,,
-105.264054435390804,40.007841285003337,8646950,4753706446,0,tree,,,,,,,
-105.263838517565048,40.007934743223728,8646953,4753706450,0,tree,,,,,,,
-105.264335732061298,40.008356352953342,8646956,4753706460,0,tree,,,,,,,
-105.264309245247276,40.008735885529035,8646958,4753706464,0,tree,,,,,,,
-105.264695064250347,40.008352245820788,8646960,4753706461,0,tree,,,,,,,
-105.264316369864972,40.00900016693609,8646964,4753706466,0,tree,,,,,,,
-105.26432165046397,40.009124889655311,8646965,4753706467,0,tree,,,,,,,
-105.264314525846274,40.008455259410795,8646966,4753706459,0,tree,,,,,,,
-105.2640349055564,40.009092284051974,8646967,4753706469,0,tree,,,,,,,
-105.26404370655473,40.009035370929439,8646968,4753706468,0,tree,,,,,,,
-105.264036749575098,40.008935039548447,8646971,4753706470,0,tree,,,,,,,
-105.263945722106641,40.005710689035652,8647194,4753725515,0,tree,,,,,,,
-105.263977238062566,40.005893665981944,8647196,4753725513,0,tree,,,,,,,
-105.26398846981283,40.00581814503434,8647197,4753725514,0,tree,,,,,,,
-105.264009843665917,40.005596276057332,8647198,4753725517,0,tree,,,,,,,
-105.264048400420521,40.005642963258026,8647199,4753725518,0,tree,,,,,,,
-105.263840026307619,40.00569199739158,8647200,4753725519,0,tree,,,,,,,
-105.264402116734431,40.005871034843381,8647201,4753725521,0,tree,,,,,,,
-105.263961060989445,40.006226595175974,8647203,4753728633,0,tree,,,,,,,
-105.263967263597792,40.006175046471469,8647205,4753728632,0,tree,,,,,,,
-105.264197346839907,40.006390545202066,8647207,4753728636,0,tree,,,,,,,
-105.26439817723994,40.006172280443423,8647213,4753728639,0,tree,,,,,,,
-105.264010681856234,40.006650719476568,8647221,4753728648,0,tree,,,,,,,
-105.264384430918739,40.007111891789179,8647223,4753728658,0,tree,,,,,,,
-105.263828375462211,40.006890693364426,8647227,4753728655,0,tree,,,,,,,
-105.264583501119105,40.007379442138472,8647235,4753728691,0,tree,,,,,,,
-105.264518541369512,40.007379442138472,8647238,4753728690,0,tree,,,,,,,
-105.264653909105775,40.007382543442645,8647239,4753728692,0,tree,,,,,,,
-105.264813500542189,40.007626037729835,8647241,4753728697,0,tree,,,,,,,
-105.264798832211639,40.007703570334201,8647242,4753728698,0,tree,,,,,,,
-105.264896062288457,40.007806835381302,8647245,4753728699,0,tree,,,,,,,
-105.264098105106328,40.007706671638374,8647253,4753728706,0,tree,,,,,,,
-105.264071953568433,40.007595779059386,8647254,4753728707,0,tree,,,,,,,
-105.264632619071705,40.006901757476612,8647257,4753730814,0,tree,,,,,,,
-105.2649619440474,40.007027821300341,8647262,4753730811,0,tree,,,,,,,
-105.264913161370927,40.006351317895195,8647267,4753731724,0,tree,,,,,,,
-105.265267883513232,40.006971075815869,8647269,4753731721,0,tree,,,,,,,
-105.264573610473363,40.006253249628088,8647273,4753731726,0,tree,,,,,,,
-105.265128576282478,40.006064824444735,8647275,4753731730,0,tree,,,,,,,
-105.2654772634545,40.006484422517616,8647277,4753731735,0,tree,,,,,,,
-105.264898828316504,40.006072619614685,8647278,4753731729,0,tree,,,,,,,
-105.265290179375668,40.006295242962977,8647279,4753731734,0,tree,,,,,,,
-105.265174341473809,40.00639171866851,8647282,4753731733,0,tree,,,,,,,
-105.26527903144445,40.006071865243399,8647283,4753731741,0,tree,,,,,,,
-105.265373579312239,40.006102123913848,8647284,4753731742,0,tree,,,,,,,
-105.265290179375668,40.006117798072808,8647286,4753731740,0,tree,,,,,,,
-105.265626628969059,40.006429185775687,8647287,4753731736,0,tree,,,,,,,
-105.265662922609792,40.006656083894597,8647291,4753732893,0,tree,,,,,,,
-105.265598717231484,40.006558518541652,8647293,4753732895,0,tree,,,,,,,
-105.26579485376574,40.006645355058538,8647294,4753732898,0,tree,,,,,,,
-105.265639620918975,40.00675792401816,8647295,4753732897,0,tree,,,,,,,
-105.265525124121623,40.006641750840174,8647296,4753732891,0,tree,,,,,,,
-105.265810025010495,40.006886753869935,8647297,4753732901,0,tree,,,,,,,
-105.26566526954268,40.007157740799528,8647304,4753732906,0,tree,,,,,,,
-105.265605758030148,40.007170229835253,8647305,4753732905,0,tree,,,,,,,
-105.265884875405831,40.006775190738693,8647310,4753732910,0,tree,,,,,,,
-105.266323248941802,40.007237620336781,8647396,4753747247,0,tree,,,,,,,
-105.266300869260334,40.007204260362158,8647397,4753747248,0,tree,,,,,,,
-105.266481750730819,40.007212726084362,8647401,4753747244,0,tree,,,,,,,
-105.266945269976318,40.007086662260633,8647403,4753747253,0,tree,,,,,,,
-105.266912748191999,40.007237620336781,8647404,4753747254,0,tree,,,,,,,
-105.266524414617976,40.007233094109068,8647407,4753747246,0,tree,,,,,,,
-105.266825324941905,40.006895135773107,8647408,4753747259,0,tree,,,,,,,
-105.266920878638075,40.00691776691167,8647409,4753747260,0,tree,,,,,,,
-105.266322243113422,40.007102923152786,8647410,4753747241,0,tree,,,,,,,
-105.26642483760827,40.007107617018562,8647411,4753747242,0,tree,,,,,,,
-105.266609826211308,40.007095966173154,8647416,4753747252,0,tree,,,,,,,
-105.266562049363216,40.007094457430583,8647419,4753747251,0,tree,,,,,,,
-105.26694116284375,40.007259497104059,8647421,4753747258,0,tree,,,,,,,
-105.267350702632811,40.006784578470246,8647423,4753747262,0,tree,,,,,,,
-105.267906758089339,40.007202667800556,8647425,4753747269,0,tree,,,,,,,
-105.267825621266624,40.007354044971862,8647427,4753747295,0,tree,,,,,,,
-105.267333435912278,40.007364354712763,8647428,4753747292,0,tree,,,,,,,
-105.267578858037197,40.007367456016937,8647429,4753747293,0,tree,,,,,,,
-105.266955244441093,40.00780817648581,8647430,4753747300,0,tree,,,,,,,
-105.266955244441093,40.007648920325494,8647431,4753747301,0,tree,,,,,,,
-105.268122256819936,40.007208870408903,8647432,4753747271,0,tree,,,,,,,
-105.268417970363899,40.007715472636704,8647433,4753747291,0,tree,,,,,,,
-105.269350457091946,40.007262682227264,8647435,4753747305,0,tree,,,,,,,
-105.268072300677019,40.007511289475389,8647436,4753747297,0,tree,,,,,,,
-105.267723781143062,40.00736125340859,8647437,4753747294,0,tree,,,,,,,
-105.267679440875284,40.007704324705486,8647438,4753747298,0,tree,,,,,,,
-105.270794659008743,40.009176438359844,8646741,4753692363,0,tree,,,,,,,
-105.270891134714276,40.009279116673724,8646743,4753692365,0,tree,,,,,,,
-105.27056792852791,40.009353128878729,8646744,4753692357,0,tree,,,,,,,
-105.270547811960284,40.009163194952833,8646747,4753692361,0,tree,,,,,,,
-105.271333783020864,40.009349021746175,8646753,4753692370,0,tree,,,,,,,
-105.271587251772843,40.00935413470711,8646764,4753692383,0,tree,,,,,,,
-105.271418272604862,40.009291521890418,8646768,4753692382,0,tree,,,,,,,
-105.269394545902642,40.0095976289943,8646772,4753692389,0,tree,,,,,,,
-105.26902431723947,40.009482545463726,8646779,4753692400,0,tree,,,,,,,
-105.268926416610398,40.009159087820279,8646783,4753692405,0,tree,,,,,,,
-105.267732246865279,40.010222332237845,8646822,4753698143,0,tree,,,,,,,
-105.267546420071923,40.010261643363719,8646824,4753698145,0,tree,,,,,,,
-105.267461511392767,40.010332135169392,8646825,4753698146,0,tree,,,,,,,
-105.267438544978077,40.010524667485299,8646827,4753698150,0,tree,,,,,,,
-105.267397808928649,40.01019123537705,8646832,4753698156,0,tree,,,,,,,
-105.267521777276585,40.010568085743728,8646835,4753698153,0,tree,,,,,,,
-105.269006463785715,40.00979812411822,8646906,4753706109,0,tree,,,,,,,
-105.26381027055136,40.009150538279044,8646969,4753706473,0,tree,,,,,,,
-105.263829632747687,40.009111227153141,8646972,4753706472,0,tree,,,,,,,
-105.266833203930886,40.003782599848648,8646481,4753681016,0,tree,,,,,,,
-105.266422239218286,40.003695847150794,8646493,4753683122,0,tree,,,,,,,
-105.265435102481547,40.003800369483372,8646505,4753683193,0,tree,,,,,,,
-105.265468713913265,40.002973578554332,8646511,4753683189,0,tree,,,,,,,
-105.263340464878482,40.003933474105764,8646547,4753683274,0,tree,,,,,,,
-105.263161511245727,40.003988794666725,8646550,4753683281,0,tree,,,,,,,
-105.26307216015789,40.004054173511463,8646556,4753683283,0,tree,,,,,,,
-105.26259447549603,40.004272186813012,8646577,4753683305,0,tree,,,,,,,
-105.267679105599157,40.006387695354988,8646607,4753689181,0,tree,,,,,,,
-105.268085711722094,40.006387695354988,8646609,4753689179,0,tree,,,,,,,
-105.266181510959143,40.006100363714182,8646621,4753689193,0,tree,,,,,,,
-105.269136467103934,40.006694137734996,8646629,4753689207,0,tree,,,,,,,
-105.273862770846378,40.008316622732309,8646652,4753689847,0,tree,,,,,,,
-105.273767552426335,40.007988974137248,8646656,4753689852,0,tree,,,,,,,
-105.274244901812068,40.0077968609165,8646659,4753689854,0,tree,,,,,,,
-105.273768809711811,40.0071764324436,8646682,4753689870,0,tree,,,,,,,
-105.273457002913759,40.007805159000668,8646685,4753689882,0,tree,,,,,,,
-105.272845040163048,40.007737936137204,8646688,4753689888,0,tree,,,,,,,
-105.270692232151973,40.007914375198993,8646726,4753691055,0,tree,,,,,,,
-105.270498023455431,40.007913537008676,8646735,4753691058,0,tree,,,,,,,
-105.270973025908276,40.009352123050348,8646759,4753692367,0,tree,,,,,,,
-105.270101224159205,40.009659235982639,8646770,4753692385,0,tree,,,,,,,
-105.268211607907773,40.009060432819922,8646791,4753692412,0,tree,,,,,,,
-105.267208545554993,40.008390634937314,8646803,4753693225,0,tree,,,,,,,
-105.266519636933154,40.00819542041242,8646816,4753696739,0,tree,,,,,,,
-105.266815182839053,40.008196174783706,8646817,4753696737,0,tree,,,,,,,
-105.267511048440525,40.010498851223531,8646834,4753698154,0,tree,,,,,,,
-105.263916301626494,40.007923930568637,8646949,4753706448,0,tree,,,,,,,
-105.263730558652171,40.00917769564532,8646974,4753706475,0,tree,,,,,,,
-105.262422814119049,40.007795184535865,8646978,4753710167,0,tree,,,,,,,
-105.262467070567794,40.007968689931573,8646983,4753710169,0,tree,,,,,,,
-105.262679467994218,40.008005235029401,8646987,4753710171,0,tree,,,,,,,
-105.261472557756264,40.007343735230961,8646999,4753710184,0,tree,,,,,,,
-105.261534500020716,40.00785754589549,8647000,4753710193,0,tree,,,,,,,
-105.263199648905157,40.007612123770571,8647006,4753710178,0,tree,,,,,,,
-105.25926794958356,40.006965040845586,8647125,4753716061,0,tree,,,,,,,
-105.259204079481378,40.006941487697645,8647129,4753716063,0,tree,,,,,,,
-105.262040012601105,40.006740657297627,8647142,4753725464,0,tree,,,,,,,
-105.262315525758424,40.006348216591022,8647151,4753725476,0,tree,,,,,,,
-105.263138712469086,40.005838345420983,8647165,4753725487,0,tree,,,,,,,
-105.263098144057736,40.006200359819047,8647179,4753725499,0,tree,,,,,,,
-105.263722176748999,40.006282837746284,8647188,4753725507,0,tree,,,,,,,
-105.263824855062879,40.006227684823386,8647189,4753725509,0,tree,,,,,,,
-105.263990230012496,40.00629096819236,8647204,4753728634,0,tree,,,,,,,
-105.264379737052963,40.007516067160196,8647243,4753728701,0,tree,,,,,,,
-105.264905450020009,40.007692757679109,8647244,4753728696,0,tree,,,,,,,
-105.264951718125516,40.007616230903125,8647246,4753728695,0,tree,,,,,,,
-105.264138338241565,40.00765168635354,8647250,4753728704,0,tree,,,,,,,
-105.265267883513232,40.006791116354719,8647266,4753730819,0,tree,,,,,,,
-105.264915173027688,40.006445530486872,8647272,4753731723,0,tree,,,,,,,
-105.266459454868368,40.007237620336781,8647402,4753747245,0,tree,,,,,,,
-105.266750139270428,40.007254887057314,8647405,4753747257,0,tree,,,,,,,
-105.268008346755806,40.007206523476015,8647424,4753747270,0,tree,,,,,,,
-105.267506438393781,40.008125599158973,8647434,4753747304,0,tree,,,,,,,
-105.26694728163308,40.007480444071717,8647440,4753747302,0,tree,,,,,,,
-105.267117518086522,40.008128616644115,8647441,4753747303,0,tree,,,,,,,
-105.269669137050613,40.005310536978158,8646394,4753670360,0,tree,,,,,,,
-105.269667376850947,40.005227220860604,8646401,4753670362,0,tree,,,,,,,
-105.269665532832249,40.005267286357792,8646403,4753670361,0,tree,,,,,,,
-105.269664778460964,40.005015745443529,8646406,4753670366,0,tree,,,,,,,
-105.269665532832249,40.00497375210864,8646407,4753670367,0,tree,,,,,,,
-105.269669137050613,40.004930333850211,8646408,4753670368,0,tree,,,,,,,
-105.269672657449945,40.004878198412456,8646411,4753670369,0,tree,,,,,,,
-105.270645125856134,40.005665929672716,8646412,4753672626,0,tree,,,,,,,
-105.270298366521843,40.005790233296779,8646413,4753672627,0,tree,,,,,,,
-105.270280848344214,40.005662493092416,8646414,4753672628,0,tree,,,,,,,
-105.271065478300287,40.005767099244025,8646419,4753672623,0,tree,,,,,,,
-105.270278501411326,40.005547996295064,8646420,4753672630,0,tree,,,,,,,
-105.270325272431037,40.005516647977203,8646424,4753672631,0,tree,,,,,,,
-105.27033222941067,40.005839435068395,8646425,4753672634,0,tree,,,,,,,
-105.270864647900254,40.005319086519393,8646426,4753672635,0,tree,,,,,,,
-105.27003911425669,40.004877276403107,8646432,4753672645,0,tree,,,,,,,
-105.270204908301466,40.004974757937021,8646434,4753672642,0,tree,,,,,,,
-105.26992126469807,40.004807455149688,8646436,4753672647,0,tree,,,,,,,
-105.269979602744158,40.004840563667216,8646437,4753672646,0,tree,,,,,,,
-105.269651367415875,40.00761162085638,8646647,4753689213,0,tree,,,,,,,
-105.273986152461092,40.00834746813598,8646648,4753689845,0,tree,,,,,,,
-105.269667628308042,40.007670797092771,8646650,4753689214,0,tree,,,,,,,
-105.273846677592289,40.007902640534553,8646654,4753689851,0,tree,,,,,,,
-105.27410685186679,40.008362890837816,8646657,4753689848,0,tree,,,,,,,
-105.274671456864567,40.007851343287143,8646661,4753689858,0,tree,,,,,,,
-105.274383119395395,40.007575075758552,8646662,4753689863,0,tree,,,,,,,
-105.274147001182996,40.007246253697048,8646664,4753689866,0,tree,,,,,,,
-105.274674139073582,40.007804069353256,8646666,4753689859,0,tree,,,,,,,
-105.274354956200725,40.007769116817002,8646669,4753689856,0,tree,,,,,,,
-105.273424900224597,40.007431745214262,8646672,4753689873,0,tree,,,,,,,
-105.27476667528461,40.007879087386641,8646674,4753689861,0,tree,,,,,,,
-105.273422804748805,40.007500057725139,8646675,4753689877,0,tree,,,,,,,
-105.273964610969941,40.007161093560796,8646677,4753689867,0,tree,,,,,,,
-105.273712567141516,40.007245247868667,8646681,4753689871,0,tree,,,,,,,
-105.273317611863973,40.007366953102746,8646686,4753689874,0,tree,,,,,,,
-105.273873583501469,40.007694182602648,8646689,4753689885,0,tree,,,,,,,
-105.273121726786812,40.007979418767633,8646693,4753689886,0,tree,,,,,,,
-105.269819173117412,40.008284184767035,8646699,4753691026,0,tree,,,,,,,
-105.269936016847652,40.008278652710914,8646700,4753691027,0,tree,,,,,,,
-105.27003961717088,40.008283346576718,8646702,4753691029,0,tree,,,,,,,
-105.270393333484805,40.008178237510919,8646706,4753691033,0,tree,,,,,,,
-105.270418814470446,40.008422653807457,8646714,4753691038,0,tree,,,,,,,
-105.270763310690882,40.008161138428449,8646718,4753691044,0,tree,,,,,,,
-105.27084562098004,40.008198437897562,8646723,4753691046,0,tree,,,,,,,
-105.271100766112639,40.008088718785018,8646724,4753691048,0,tree,,,,,,,
-105.271097748627497,40.008189133985042,8646725,4753691047,0,tree,,,,,,,
-105.270659626548621,40.00792602604443,8646734,4753691056,0,tree,,,,,,,
-105.270504980435078,40.009312057553188,8646746,4753692358,0,tree,,,,,,,
-105.271041338419138,40.009310045896427,8646748,4753692368,0,tree,,,,,,,
-105.271191625943047,40.009152885211932,8646751,4753692372,0,tree,,,,,,,
-105.271382062783147,40.009047021774848,8646756,4753692377,0,tree,,,,,,,
-105.270820139994399,40.009123045636613,8646757,4753692362,0,tree,,,,,,,
-105.271439730276981,40.009041992632945,8646761,4753692378,0,tree,,,,,,,
-105.271382062783147,40.008962867466977,8646762,4753692379,0,tree,,,,,,,
-105.271493374457293,40.009104521630604,8646763,4753692380,0,tree,,,,,,,
-105.270165680994609,40.009729141055118,8646765,4753692386,0,tree,,,,,,,
-105.27037623440232,40.009502159117176,8646767,4753692384,0,tree,,,,,,,
-105.2702919124564,40.006881557089969,8647442,4753747312,0,tree,,,,,,,
-105.270190072332838,40.00710652737115,8647443,4753747311,0,tree,,,,,,,
-105.269974070688065,40.006834366975113,8647445,4753747309,0,tree,,,,,,,
-105.269662934442266,40.006843587068602,8647446,4753747307,0,tree,,,,,,,
-105.270611179148275,40.006899075267597,8647450,4753747318,0,tree,,,,,,,
-105.270400541921532,40.007018182111693,8647453,4753747316,0,tree,,,,,,,
-105.270956681197092,40.007146676687341,8647456,4753747320,0,tree,,,,,,,
-105.270996327599107,40.007145084125739,8647457,4753747321,0,tree,,,,,,,
-105.270837741991059,40.006917599273606,8647458,4753747319,0,tree,,,,,,,
-105.263397378001031,40.003939760533171,8646539,4753683273,0,tree,,,,,,,
-105.263777413490914,40.003689895999543,8646540,4753683267,0,tree,,,,,,,
-105.26363005963313,40.003780169096729,8646542,4753683269,0,tree,,,,,,,
-105.263311966407684,40.003766841870686,8646546,4753683275,0,tree,,,,,,,
-105.263236780736221,40.003949064445692,8646549,4753683278,0,tree,,,,,,,
-105.263110716912493,40.003900784683395,8646555,4753683279,0,tree,,,,,,,
-105.263219430196656,40.003854851854015,8646557,4753683277,0,tree,,,,,,,
-105.263016252863721,40.00393816797154,8646558,4753683293,0,tree,,,,,,,
-105.262854649770546,40.004231618401661,8646562,4753683297,0,tree,,,,,,,
-105.262667565691714,40.004181829896822,8646563,4753683298,0,tree,,,,,,,
-105.262672678652649,40.004229355287805,8646564,4753683299,0,tree,,,,,,,
-105.262775356966515,40.004040930104452,8646565,4753683290,0,tree,,,,,,,
-105.262875939804601,40.003976389450031,8646567,4753683292,0,tree,,,,,,,
-105.262600510466328,40.004198174608007,8646573,4753683301,0,tree,,,,,,,
-105.262522223490677,40.004177974221335,8646574,4753683302,0,tree,,,,,,,
-105.262709223750477,40.004346199018045,8646575,4753683303,0,tree,,,,,,,
-105.262437817725726,40.004230193478122,8646576,4753683307,0,tree,,,,,,,
-105.262544603172159,40.004434041363311,8646580,4753683311,0,tree,,,,,,,
-105.262608640912404,40.004436472115231,8646582,4753683310,0,tree,,,,,,,
-105.262766136873026,40.004299427998319,8646583,4753683306,0,tree,,,,,,,
-105.262368750843578,40.00438894672422,8646585,4753683313,0,tree,,,,,,,
-105.262377970937067,40.004345360827728,8646586,4753683314,0,tree,,,,,,,
-105.263382122937244,40.004431778249455,8646588,4753683318,0,tree,,,,,,,
-105.26360876959906,40.004288531524196,8646589,4753683320,0,tree,,,,,,,
-105.263327221471471,40.004460528177333,8646590,4753683317,0,tree,,,,,,,
-105.262345449152747,40.004127347526179,8646592,4753683315,0,tree,,,,,,,
-105.262510069731078,40.004513585624409,8646597,4753688928,0,tree,,,,,,,
-105.263196128505825,40.004556333330612,8646598,4753688924,0,tree,,,,,,,
-105.26235047829465,40.004587430191378,8646601,4753688929,0,tree,,,,,,,
-105.263170647520184,40.004370255080147,8646604,4753688922,0,tree,,,,,,,
-105.263321102682141,40.004272941184297,8646605,4753688921,0,tree,,,,,,,
-105.263626120138639,40.007980843691172,8646944,4753706452,0,tree,,,,,,,
-105.263753525066875,40.008345456479219,8646951,4753706457,0,tree,,,,,,,
-105.263776575300597,40.007963241694512,8646957,4753706451,0,tree,,,,,,,
-105.263597873124937,40.008342774270204,8646961,4753706458,0,tree,,,,,,,
-105.263311128217367,40.008105566410393,8646977,4753710162,0,tree,,,,,,,
-105.262162723663565,40.007656966952538,8646981,4753710165,0,tree,,,,,,,
-105.262456425550766,40.008009342161955,8646982,4753710170,0,tree,,,,,,,
-105.262787343088064,40.00801202437097,8646984,4753710172,0,tree,,,,,,,
-105.263390840116557,40.008020154817046,8646986,4753710177,0,tree,,,,,,,
-105.263226219538225,40.00801202437097,8646988,4753710176,0,tree,,,,,,,
-105.262882980603266,40.008014790399017,8646990,4753710173,0,tree,,,,,,,
-105.261469037356932,40.007423782406249,8646991,4753710185,0,tree,,,,,,,
-105.26147431795593,40.00759452177391,8646993,4753710187,0,tree,,,,,,,
-105.261472557756264,40.007673144025659,8646994,4753710188,0,tree,,,,,,,
-105.26153273982105,40.007923930568637,8647001,4753710194,0,tree,,,,,,,
-105.263049277562232,40.007606759352541,8647002,4753710179,0,tree,,,,,,,
-105.261529135602686,40.007993081269802,8647007,4753710195,0,tree,,,,,,,
-105.261467277157266,40.006794888211147,8647010,4753710207,0,tree,,,,,,,
-105.261470713737566,40.006695227382409,8647011,4753710206,0,tree,,,,,,,
-105.261531817811701,40.006550891009766,8647012,4753710203,0,tree,,,,,,,
-105.261527459222052,40.006508143303591,8647013,4753710204,0,tree,,,,,,,
-105.261467277157266,40.006874181015178,8647016,4753710208,0,tree,,,,,,,
-105.261470713737566,40.007144581211548,8647017,4753710211,0,tree,,,,,,,
-105.261469959366281,40.006967639235569,8647018,4753710209,0,tree,,,,,,,
-105.261637178334595,40.007166960893016,8647019,4753710215,0,tree,,,,,,,
-105.261638016524913,40.007325462682047,8647020,4753710216,0,tree,,,,,,,
-105.261230153116486,40.007114741636258,8647024,4753710212,0,tree,,,,,,,
-105.261616726490843,40.007702396867757,8647027,4753710220,0,tree,,,,,,,
-105.261643380942942,40.007460327504106,8647030,4753710218,0,tree,,,,,,,
-105.261563752862784,40.007747072411661,8647058,4753710722,0,tree,,,,,,,
-105.261100904169552,40.007022540701342,8647067,4753715297,0,tree,,,,,,,
-105.260347371074246,40.007298556772838,8647070,4753715307,0,tree,,,,,,,
-105.26047024977477,40.007231417728434,8647075,4753715312,0,tree,,,,,,,
-105.26059153591369,40.00723074717618,8647076,4753715313,0,tree,,,,,,,
-105.26085581732076,40.00710652737115,8647077,4753715302,0,tree,,,,,,,
-105.260587931695326,40.007297886220584,8647079,4753715304,0,tree,,,,,,,
-105.260979701849664,40.007004938704682,8647081,4753715300,0,tree,,,,,,,
-105.260687005790842,40.007234770489703,8647082,4753715314,0,tree,,,,,,,
-105.261031921106422,40.007035448832227,8647083,4753715299,0,tree,,,,,,,
-105.260873167860325,40.007141899002534,8647084,4753715303,0,tree,,,,,,,
-105.261177933859713,40.006976440233899,8647085,4753715301,0,tree,,,,,,,
-105.260411324995459,40.006457348970343,8647086,4753715320,0,tree,,,,,,,
-105.26082572628836,40.00646204283612,8647089,4753715821,0,tree,,,,,,,
-105.261236355724833,40.006598332581746,8647091,4753715825,0,tree,,,,,,,
-105.261197044598944,40.006645522696601,8647092,4753715827,0,tree,,,,,,,
-105.260882052677687,40.006721043644205,8647093,4753715832,0,tree,,,,,,,
-105.261218669909141,40.006739986745373,8647096,4753715828,0,tree,,,,,,,
-105.25986105305212,40.007817061303172,8647100,4753716043,0,tree,,,,,,,
-105.260121814059843,40.006462126655151,8647103,4753715836,0,tree,,,,,,,
-105.259819059717216,40.006327094195029,8647105,4753715838,0,tree,,,,,,,
-105.259881001981668,40.007974557263793,8647106,4753716042,0,tree,,,,,,,
-105.260040174322938,40.006460366455485,8647107,4753715837,0,tree,,,,,,,
-105.259843367236428,40.007549175677724,8647111,4753716046,0,tree,,,,,,,
-105.259766337546267,40.007234770489703,8647113,4753716053,0,tree,,,,,,,
-105.259512868794289,40.007206942571173,8647114,4753716054,0,tree,,,,,,,
-105.259651505472789,40.00728548100389,8647115,4753716051,0,tree,,,,,,,
-105.259504403072086,40.007271231768499,8647118,4753716055,0,tree,,,,,,,
-105.259213215755835,40.006992282030893,8647119,4753716057,0,tree,,,,,,,
-105.259237104179888,40.007022373063279,8647120,4753716060,0,tree,,,,,,,
-105.259306422519131,40.006875438300654,8647122,4753716064,0,tree,,,,,,,
-105.259252526881724,40.006940398050233,8647128,4753716062,0,tree,,,,,,,
-105.259082541885363,40.007829634157929,8647134,4753724699,0,tree,,,,,,,
-105.259060329841958,40.00778219258595,8647136,4753724703,0,tree,,,,,,,
-105.259202822195903,40.007898030487809,8647137,4753724704,0,tree,,,,,,,
-105.259096623482691,40.007802560610685,8647138,4753724702,0,tree,,,,,,,
-105.261894754219114,40.006632446927654,8647139,4753725459,0,tree,,,,,,,
-105.261861226606413,40.006633955670225,8647140,4753725460,0,tree,,,,,,,
-105.261790064248473,40.006658849922644,8647141,4753725463,0,tree,,,,,,,
-105.261933310973703,40.006632446927654,8647143,4753725458,0,tree,,,,,,,
-105.261830716478869,40.006657341180073,8647144,4753725461,0,tree,,,,,,,
-105.261828621003076,40.006633285117971,8647145,4753725462,0,tree,,,,,,,
-105.26200950247356,40.006740657297627,8647146,4753725465,0,tree,,,,,,,
-105.262033977630821,40.00668843804084,8647148,4753725468,0,tree,,,,,,,
-105.262460867959447,40.00629683552458,8647159,4753725481,0,tree,,,,,,,
-105.263131671670422,40.006053927970612,8647163,4753725486,0,tree,,,,,,,
-105.262183343145381,40.006347462219736,8647164,4753725477,0,tree,,,,,,,
-105.263125552881107,40.006002630723202,8647167,4753725484,0,tree,,,,,,,
-105.263050367209644,40.005888972116168,8647169,4753725488,0,tree,,,,,,,
-105.262933439660372,40.005744971019624,8647170,4753725491,0,tree,,,,,,,
-105.26297710937591,40.005678753984569,8647171,4753725493,0,tree,,,,,,,
-105.263006613675074,40.005732481983898,8647175,4753725494,0,tree,,,,,,,
-105.263066376644701,40.005819067043689,8647176,4753725495,0,tree,,,,,,,
-105.262994459915475,40.005772128385928,8647177,4753725490,0,tree,,,,,,,
-105.262997561219649,40.005821916890767,8647178,4753725489,0,tree,,,,,,,
-105.26309101944004,40.006145039258115,8647180,4753725498,0,tree,,,,,,,
-105.263632741842144,40.006288369802377,8647183,4753725506,0,tree,,,,,,,
-105.263206857341899,40.006194995401017,8647185,4753725503,0,tree,,,,,,,
-105.263543474573339,40.006288118345282,8647211,4753728643,0,tree,,,,,,,
-105.263539954174007,40.00642784467118,8647215,4753728646,0,tree,,,,,,,
-105.263620420444468,40.006363471654822,8647218,4753728644,0,tree,,,,,,,
-105.263778838414453,40.006892034468933,8647219,4753728654,0,tree,,,,,,,
-105.263608937237123,40.00642784467118,8647224,4753728647,0,tree,,,,,,,
-105.263441634449777,40.008825320435903,10363201,5022518761,0,tree,,,,,,,
-105.26318414238429,40.008348641602424,10363206,5022518766,0,tree,,,,,,,
-105.263412130150613,40.008342522813109,10363207,5022518767,0,tree,,,,,,,
-105.262666559863334,40.009168475551832,10363210,5022518757,0,tree,,,,,,,
-105.261913948777377,40.00733585624198,3524744,2703448391,0,tree,,,,,,,
-105.265985961158108,40.008621640188778,10616506,5159858210,0,tree,,,,,,,
-105.262937462973895,40.008699927164429,10363215,5022518770,0,tree,,,,,,,
-105.267030681569651,40.005646735114453,8646388,4753670334,0,tree,,,,,,,
-105.268550739710165,40.005668444243668,8646393,4753670343,0,tree,,,,,,,
-105.268927673895874,40.005661654902099,8646397,4753670346,0,tree,,,,,,,
-105.268745451320882,40.00566022997856,8646398,4753670345,0,tree,,,,,,,
-105.269092210655174,40.005661654902099,8646399,4753670348,0,tree,,,,,,,
-105.270946371456191,40.005693757591246,8646416,4753672625,0,tree,,,,,,,
-105.270668427546951,40.005211630520705,8646423,4753672636,0,tree,,,,,,,
-105.270234161143534,40.005179444012526,8646430,4753672641,0,tree,,,,,,,
-105.269246437673573,40.004549963084202,8646438,4753672654,0,tree,,,,,,,
-105.269412231718334,40.004865541738667,8646439,4753672653,0,tree,,,,,,,
-105.268899762158313,40.00440411796896,8646453,4753672660,0,tree,,,,,,,
-105.268677809362273,40.004262882900491,8646455,4753672665,0,tree,,,,,,,
-105.267641135577776,40.004252154064432,8646470,4753672680,0,tree,,,,,,,
-105.267805756156108,40.004158276748882,8646471,4753672677,0,tree,,,,,,,
-105.267706514422528,40.004236982819691,8646473,4753672679,0,tree,,,,,,,
-105.267185830597398,40.003655697834603,8646476,4753681010,0,tree,,,,,,,
-105.267317761753347,40.003691320923082,8646478,4753681012,0,tree,,,,,,,
-105.26665466939329,40.003647567388526,8646486,4753681019,0,tree,,,,,,,
-105.267013666306212,40.003394098636562,8646498,4753683154,0,tree,,,,,,,
-105.265469719741645,40.003667264860979,8646509,4753683190,0,tree,,,,,,,
-105.266190228138441,40.003140965160725,8646516,4753683162,0,tree,,,,,,,
-105.264738901603948,40.003623678964487,8646518,4753683198,0,tree,,,,,,,
-105.264666733417627,40.003699199912091,8646523,4753683239,0,tree,,,,,,,
-105.263166624206661,40.003611944300047,8646538,4753683263,0,tree,,,,,,,
-105.262973505157547,40.004098597598301,8646552,4753683284,0,tree,,,,,,,
-105.262999908152537,40.004172525984274,8646553,4753683285,0,tree,,,,,,,
-105.262818020853672,40.004283083287135,8646561,4753683296,0,tree,,,,,,,
-105.262628925118079,40.004227092173949,8646568,4753683300,0,tree,,,,,,,
-105.262898319486069,40.004203622845068,8646570,4753683286,0,tree,,,,,,,
-105.262589362535095,40.004399088827057,8646581,4753683309,0,tree,,,,,,,
-105.262421640652605,40.004311078843756,8646584,4753683308,0,tree,,,,,,,
-105.263547749343957,40.004314263966961,8646587,4753683319,0,tree,,,,,,,
-105.262982641432004,40.004501850959969,8646595,4753688923,0,tree,,,,,,,
-105.26279153403965,40.004641996381025,8646600,4753688926,0,tree,,,,,,,
-105.26788043891338,40.006389120278527,8646608,4753689180,0,tree,,,,,,,
-105.269066478212437,40.006698663962709,8646628,4753689206,0,tree,,,,,,,
-105.269204109062542,40.006704028380739,8646630,4753689208,0,tree,,,,,,,
-105.269427151505994,40.007811948342237,8646645,4753689215,0,tree,,,,,,,
-105.273795715620992,40.00794899245912,8646653,4753689850,0,tree,,,,,,,
-105.274027726700837,40.00801152145678,8646658,4753689849,0,tree,,,,,,,
-105.273814407265064,40.007110634503704,8646667,4753689868,0,tree,,,,,,,
-105.273728660395605,40.007091188488346,8646668,4753689869,0,tree,,,,,,,
-105.273404783656986,40.007778336910491,8646679,4753689880,0,tree,,,,,,,
-105.273457002913759,40.007534926442332,8646680,4753689878,0,tree,,,,,,,
-105.273778281262395,40.007779426557903,8646692,4753689884,0,tree,,,,,,,
-105.273089037364429,40.007748748792295,8646695,4753689890,0,tree,,,,,,,
-105.270467513327887,40.008199276087879,8646707,4753691034,0,tree,,,,,,,
-105.268983581190042,40.007918482331547,8646709,4753691021,0,tree,,,,,,,
-105.270814105024115,40.008179075701236,8646717,4753691045,0,tree,,,,,,,
-105.270843609323279,40.008078660501212,8646720,4753691041,0,tree,,,,,,,
-105.270962548529312,40.008125347701878,8646721,4753691043,0,tree,,,,,,,
-105.270597432827074,40.009299736155526,8646739,4753692355,0,tree,,,,,,,
-105.270311861385949,40.009269980399267,8646742,4753692359,0,tree,,,,,,,
-105.269342242826838,40.0096387841389,8646776,4753692390,0,tree,,,,,,,
-105.268387376417309,40.009257659001605,8646780,4753692409,0,tree,,,,,,,
-105.268449067224665,40.009276183007614,8646781,4753692408,0,tree,,,,,,,
-105.26902037774498,40.009375760017321,8646782,4753692401,0,tree,,,,,,,
-105.268966733564667,40.009269980399267,8646784,4753692404,0,tree,,,,,,,
-105.268041371454316,40.00856112284788,8646800,4753693229,0,tree,,,,,,,
-105.268037348140794,40.008509825600441,8646801,4753693228,0,tree,,,,,,,
-105.267573325981104,40.008543772308315,8646802,4753693221,0,tree,,,,,,,
-105.267322539438155,40.008182177005409,8646808,4753693236,0,tree,,,,,,,
-105.2669531489653,40.008122246397704,8646819,4753696741,0,tree,,,,,,,
-105.267465031792099,40.010359292535696,8646826,4753698147,0,tree,,,,,,,
-105.267463355411465,40.010443363024507,8646830,4753698148,0,tree,,,,,,,
-105.264518038455321,40.008026944158615,8646925,4753706431,0,tree,,,,,,,
-105.265953104097662,40.007792418507819,8646940,4753706441,0,tree,,,,,,,
-105.264162310484636,40.008039181737246,8646954,4753706445,0,tree,,,,,,,
-105.26387212899678,40.009135618491399,8646973,4753706474,0,tree,,,,,,,
-105.263121864843711,40.008104141486854,8646979,4753710163,0,tree,,,,,,,
-105.261476161974628,40.007759980542545,8646995,4753710189,0,tree,,,,,,,
-105.261219508099458,40.007568789331174,8646998,4753710192,0,tree,,,,,,,
-105.263097054410323,40.007506427971549,8647005,4753710180,0,tree,,,,,,,
-105.261585881087171,40.007134355289679,8647023,4753710214,0,tree,,,,,,,
-105.260465807366089,40.007298556772838,8647069,4753715306,0,tree,,,,,,,
-105.260230527344007,40.007236195413242,8647073,4753715310,0,tree,,,,,,,
-105.259847977283172,40.0076966971736,8647104,4753716044,0,tree,,,,,,,
-105.259846468540601,40.007483629194923,8647108,4753716047,0,tree,,,,,,,
-105.259712358089828,40.007483629194923,8647110,4753716049,0,tree,,,,,,,
-105.259857951747946,40.007417663616934,8647112,4753716048,0,tree,,,,,,,
-105.259174742820278,40.007017092464281,8647126,4753716058,0,tree,,,,,,,
-105.259162169965506,40.007908926961932,8647133,4753724700,0,tree,,,,,,,
-105.262033977630821,40.006716517416493,8647147,4753725466,0,tree,,,,,,,
-105.262663123283033,40.006353748647143,8647160,4753725479,0,tree,,,,,,,
-105.263081883165569,40.006039259640062,8647168,4753725485,0,tree,,,,,,,
-105.263100155714497,40.006235396174333,8647184,4753725500,0,tree,,,,,,,
-105.263850252229489,40.006109248531544,8647191,4753725510,0,tree,,,,,,,
-105.263958965513652,40.0056117825782,8647193,4753725516,0,tree,,,,,,,
-105.264384933832929,40.006124168319218,8647209,4753728640,0,tree,,,,,,,
-105.264149569991815,40.006365483311583,8647210,4753728635,0,tree,,,,,,,
-105.264427346262991,40.006049653199995,8647214,4753728641,0,tree,,,,,,,
-105.263528470966662,40.006368836072852,8647216,4753728645,0,tree,,,,,,,
-105.264238921079652,40.006667064187752,8647217,4753728649,0,tree,,,,,,,
-105.264288458127396,40.006593890173065,8647222,4753728650,0,tree,,,,,,,
-105.263951337981766,40.007100743857961,8647230,4753728657,0,tree,,,,,,,
-105.26439180699353,40.007456555647678,8647240,4753728700,0,tree,,,,,,,
-105.264383760366485,40.007582870928502,8647248,4753728702,0,tree,,,,,,,
-105.264614346522791,40.007002927047921,8647256,4753730813,0,tree,,,,,,,
-105.265146848831407,40.006744429154054,8647260,4753730808,0,tree,,,,,,,
-105.265142825517884,40.006833947879926,8647264,4753730809,0,tree,,,,,,,
-105.265272912655135,40.006703274009453,8647271,4753731722,0,tree,,,,,,,
-105.26513771255695,40.006423737538626,8647280,4753731732,0,tree,,,,,,,
-105.265110303733564,40.006355927941968,8647281,4753731731,0,tree,,,,,,,
-105.265472150493565,40.006320975405714,8647285,4753731738,0,tree,,,,,,,
-105.265797200698643,40.007056655047251,8647298,4753732902,0,tree,,,,,,,
-105.265611457724305,40.007117423845273,8647309,4753732909,0,tree,,,,,,,
-105.267212568868516,40.006920868215843,8647415,4753747261,0,tree,,,,,,,
-105.26728976619674,40.007211217341791,8647420,4753747265,0,tree,,,,,,,
-105.26749713448126,40.007207361666332,8647422,4753747266,0,tree,,,,,,,
-105.270499783655097,40.00699555097313,8647452,4753747315,0,tree,,,,,,,
-105.263176179576277,40.008574617711986,10363205,5022518765,0,tree,,,,,,,
-105.263031340289444,40.008541844470585,10363209,5022518769,0,tree,,,,,,,
-105.262945425781908,40.009164284600246,10363216,5022518756,0,tree,,,,,,,
-105.27244958197133,40.007767859531526,3524765,2703452151,0,tree,,,,,,,
-105.271677441050983,40.007444988621302,3524749,2703452114,0,tree,,,,,,,
-105.271458002825895,40.00721314517952,3524750,2703452107,0,tree,,,,,,,
-105.271462277596513,40.007457729114122,3524759,2703452116,0,tree,,,,,,,
-105.272614202549661,40.00706637805493,3524770,2703452162,0,tree,,,,,,,
-105.272931122308648,40.007485557032652,3524775,2703452157,0,tree,,,,,,,
-105.26363005963313,40.003428296801502,8646537,4753683266,0,tree,,,,,,,
-105.269924282183212,40.009574075846388,8646771,4753692388,0,tree,,,,,,,
-105.267087846149295,40.008364986313609,8646806,4753693226,0,tree,,,,,,,
-105.26068884980954,40.007297886220584,8647078,4753715305,0,tree,,,,,,,
-105.260896637189205,40.006457935703565,8647088,4753715822,0,tree,,,,,,,
-105.263436353850778,40.009127320407259,10363200,5022518753,0,tree,,,,,,,
-105.263460409912895,40.008562380133355,10363204,5022518764,0,tree,,,,,,,
-105.263439036059793,40.008465736789759,10363208,5022518768,0,tree,,,,,,,
-105.26374472406853,40.008837641833566,10363211,5022518759,0,tree,,,,,,,
-105.263353121552271,40.009180796949494,10363212,5022518754,0,tree,,,,,,,
-105.263626706871861,40.008849963231228,10363213,5022518760,0,tree,,,,,,,
-105.263691163707264,40.008728760911339,10363214,5022518758,0,tree,,,,,,,
-105.263122535395965,40.009164284600246,10363217,5022518755,0,tree,,,,,,,
-105.261958037588073,40.007380531785884,3524740,2703448387,0,tree,,,,,,,
-105.261871201071187,40.007381621433296,3524741,2703448389,0,tree,,,,,,,
-105.261957367035819,40.007336442975202,3524745,2703448390,0,tree,,,,,,,
-105.271763523196569,40.007502488477058,3524753,2703452119,0,tree,,,cypress,,,,
-105.272498364647802,40.007391428260007,3524757,2703452131,0,tree,,,,,,,
-105.272168872034044,40.007618158740854,3524771,2703452148,0,tree,,,,,,,
-105.272657536989058,40.007502656115122,3524774,2703452160,0,tree,,,,,,,
-105.271015941252529,40.009149783907759,8646750,4753692373,0,tree,,,,,,,
-105.267633340407826,40.007214318645964,8647417,4753747267,0,tree,,,,,,,
-105.263465858149956,40.009001927135756,10363202,5022518762,0,tree,,,,,,,
